9999,Flappy,,,
9999,Flappy,,,
9999,Flappy,,,
9999,Flappy,,,
9999,Flappy,,,
9999,Flappy,,,
9999,Flappy,,,
9999,Flappy,,,
9999,Flappy,,,
9999,Flappy,,,
9999,Flappy,,,
9999,Flappy,,,
9999,Flappy,,,
9999,Flappy,,,
9999,Flappy,,,
9999,Flappy,,,
9999,Flappy,,,
9999,Flappy,,,
9999,Flappy,,,
9999,Flappy,,,
9999,Flappy,,,
9999,Flappy,,,
9999,Flappy,,,
9999,Flappy,,,
9999,Flappy,,,
9999,Flappy,,,
9999,Flappy,,,
9999,Flappy,,,
9999,Flappy,,,
9999,Flappy,,,
9999,Flappy,,,
9999,Flappy,,,
9999,Flappy,,,
9999,Flappy,,,
9999,Flappy,,,
9999,Flappy,,,
9999,Flappy,,,
9999,Flappy,,,
9999,Flappy,,,
9999,Flappy,,,
9999,Flappy,,,
9999,Flappy,,,
9999,Flappy,,,
9999,Flappy,,,
9999,Flappy,,,
9999,Flappy,,,
9999,Flappy,,,
9999,Flappy,,,
9999,Flappy,,,
9999,Flappy,,,
9999,Flappy,,,
9999,Flappy,,,
9999,Flappy,,,
9999,Flappy,,,
9999,Flappy,,,
9999,Flappy,,,
9999,Flappy,,,
9999,Flappy,,,
9999,Flappy,,,
9999,Flappy,,,
9999,Flappy,,,
9999,Flappy,,,
9999,Flappy,,,
9999,Flappy,,,
9999,Flappy,,,
9999,Flappy,,,
9999,Flappy,,,
9999,Flappy,,,
9999,Flappy,,,
9999,Flappy,,,
9999,Flappy,,,
9999,Flappy,,,
9999,Flappy,,,
9999,Flappy,,,
9999,Flappy,,,
9999,Flappy,,,
9999,Flappy,,,
9999,Flappy,,,
9999,Flappy,,,
9999,Flappy,,,
9999,Flappy,,,
9999,Flappy,,,
9999,Flappy,,,
9999,Flappy,,,
9999,Flappy,,,
9999,Flappy,,,
9999,Flappy,,,
9999,Flappy,,,
9999,Flappy,,,
9999,Flappy,,,
9999,Flappy,,,
9999,Flappy,,,
9999,Flappy,,,
9999,Flappy,,,
9999,Flappy,,,
9999,Flappy,,,
9999,Flappy,,,
9999,Flappy,,,
9999,Flappy,,,
9999,Flappy,,,
9999,Flappalachian,,,
9999,Flappalachian,,,
9999,Flappalachian,,,
9999,Flappalachian,,,
9999,Flappalachian,,,
9999,Flappalachian,,,
9999,Flappalachian,,,
9999,Flappalachian,,,
9999,Flappalachian,,,
9999,Flappalachian,,,
9999,Flappalachian,,,
9999,Flappalachian,,,
9999,Flappalachian,,,
9999,Flappalachian,,,
9999,Flappalachian,,,
9999,Flappalachian,,,
9999,Flappalachian,,,
9999,Flappalachian,,,
9999,Flappalachian,,,
9999,Flappalachian,,,
9999,Flappalachian,,,
9999,Flappalachian,,,
9999,Flappalachian,,,
9999,Flappalachian,,,
9999,Flappalachian,,,
9999,Flappalachian,,,
9999,Flappalachian,,,
9999,Flappalachian,,,
9999,Flappalachian,,,
9999,Flappalachian,,,
9999,Flappalachian,,,
9999,Flappalachian,,,
9999,Flappalachian,,,
9999,Flappalachian,,,
9999,Flappalachian,,,
9999,Flappalachian,,,
9999,Flappalachian,,,
9999,Flappalachian,,,
9999,Flappalachian,,,
9999,Flappalachian,,,
9999,Flappalachian,,,
9999,Flappalachian,,,
9999,Flappalachian,,,
9999,Flappalachian,,,
9999,Flappalachian,,,
9999,Flappalachian,,,
9999,Flappalachian,,,
9999,Flappalachian,,,
9999,Flappalachian,,,
9999,Flappalachian,,,
9999,Flappalachian,,,
9999,Flappalachian,,,
9999,Flappalachian,,,
9999,Flappalachian,,,
9999,Flappalachian,,,
9999,Flappalachian,,,
9999,Flappalachian,,,
9999,Flappalachian,,,
9999,Flappalachian,,,
9999,Flappalachian,,,
9999,Flappalachian,,,
9999,Flappalachian,,,
9999,Flappalachian,,,
9999,Flappalachian,,,
9999,Flappalachian,,,
9999,Flappalachian,,,
9999,Flappalachian,,,
9999,Flappalachian,,,
9999,Flappalachian,,,
9999,Flappalachian,,,
9999,Flappalachian,,,
9999,Flappalachian,,,
9999,Flappalachian,,,
9999,Flappalachian,,,
9999,Flappalachian,,,
9999,Flappalachian,,,
9999,Flappalachian,,,
9999,Flappalachian,,,
9999,Flappalachian,,,
9999,Flappalachian,,,
9999,Flappalachian,,,
9999,Flappalachian,,,
9999,Flappalachian,,,
9999,Flappalachian,,,
9999,Flappalachian,,,
9999,Flappalachian,,,
9999,Flappalachian,,,
9999,Flappalachian,,,
9999,Flappalachian,,,
9999,Flappalachian,,,
9999,Flappalachian,,,
9999,Flappalachian,,,
9999,Flappalachian,,,
9999,Flappalachian,,,
9999,Flappalachian,,,
9999,Flappalachian,,,
9999,Flappalachian,,,
9999,Flappalachian,,,
9999,Flappalachian,,,
9999,Flappalachian,,,
9999,Appan,,,
9999,Appan,,,
9999,Appan,,,
9999,Appan,,,
9999,Appan,,,
9999,Appan,,,
9999,Appan,,,
9999,Appan,,,
9999,Appan,,,
9999,Appan,,,
9999,Appan,,,
9999,Appan,,,
9999,Appan,,,
9999,Appan,,,
9999,Appan,,,
9999,Appan,,,
9999,Appan,,,
9999,Appan,,,
9999,Appan,,,
9999,Appan,,,
9999,Appan,,,
9999,Appan,,,
9999,Appan,,,
9999,Appan,,,
9999,Appan,,,
9999,Appan,,,
9999,Appan,,,
9999,Appan,,,
9999,Appan,,,
9999,Appan,,,
9999,Appan,,,
9999,Appan,,,
9999,Appan,,,
9999,Appan,,,
9999,Appan,,,
9999,Appan,,,
9999,Appan,,,
9999,Appan,,,
9999,Appan,,,
9999,Appan,,,
9999,Appan,,,
9999,Appan,,,
9999,Appan,,,
9999,Appan,,,
9999,Appan,,,
9999,Appan,,,
9999,Appan,,,
9999,Appan,,,
9999,Appan,,,
9999,Appan,,,
9999,Appan,,,
9999,Appan,,,
9999,Appan,,,
9999,Appan,,,
9999,Appan,,,
9999,Appan,,,
9999,Appan,,,
9999,Appan,,,
9999,Appan,,,
9999,Appan,,,
9999,Appan,,,
9999,Appan,,,
9999,Appan,,,
9999,Appan,,,
9999,Appan,,,
9999,Appan,,,
9999,Appan,,,
9999,Appan,,,
9999,Appan,,,
9999,Appan,,,
9999,Appan,,,
9999,Appan,,,
9999,Appan,,,
9999,Appan,,,
9999,Appan,,,
9999,Appan,,,
9999,Appan,,,
9999,Appan,,,
9999,Appan,,,
9999,Appan,,,
9999,Appan,,,
9999,Appan,,,
9999,Appan,,,
9999,Appan,,,
9999,Appan,,,
9999,Appan,,,
9999,Appan,,,
9999,Appan,,,
9999,Appan,,,
9999,Appan,,,
9999,Appan,,,
9999,Appan,,,
9999,Appan,,,
9999,Appan,,,
9999,Appan,,,
9999,Appan,,,
9999,Appan,,,
9999,Appan,,,
9999,Appan,,,
9999,Appan,,,
9999,Ananya,,,
9999,Ananya,,,
9999,Ananya,,,
9999,Ananya,,,
9999,Ananya,,,
9999,Ananya,,,
9999,Ananya,,,
9999,Ananya,,,
9999,Ananya,,,
9999,Ananya,,,
9999,Ananya,,,
9999,Ananya,,,
9999,Ananya,,,
9999,Ananya,,,
9999,Ananya,,,
9999,Ananya,,,
9999,Ananya,,,
9999,Ananya,,,
9999,Ananya,,,
9999,Ananya,,,
9999,Ananya,,,
9999,Ananya,,,
9999,Ananya,,,
9999,Ananya,,,
9999,Ananya,,,
9999,Ananya,,,
9999,Ananya,,,
9999,Ananya,,,
9999,Ananya,,,
9999,Ananya,,,
9999,Ananya,,,
9999,Ananya,,,
9999,Ananya,,,
9999,Ananya,,,
9999,Ananya,,,
9999,Ananya,,,
9999,Ananya,,,
9999,Ananya,,,
9999,Ananya,,,
9999,Ananya,,,
9999,Ananya,,,
9999,Ananya,,,
9999,Ananya,,,
9999,Ananya,,,
9999,Ananya,,,
9999,Ananya,,,
9999,Ananya,,,
9999,Ananya,,,
9999,Ananya,,,
9999,Ananya,,,
9999,Ananya,,,
9999,Ananya,,,
9999,Ananya,,,
9999,Ananya,,,
9999,Ananya,,,
9999,Ananya,,,
9999,Ananya,,,
9999,Ananya,,,
9999,Ananya,,,
9999,Ananya,,,
9999,Ananya,,,
9999,Ananya,,,
9999,Ananya,,,
9999,Ananya,,,
9999,Ananya,,,
9999,Ananya,,,
9999,Ananya,,,
9999,Ananya,,,
9999,Ananya,,,
9999,Ananya,,,
9999,Ananya,,,
9999,Ananya,,,
9999,Ananya,,,
9999,Ananya,,,
9999,Ananya,,,
9999,Ananya,,,
9999,Ananya,,,
9999,Ananya,,,
9999,Ananya,,,
9999,Ananya,,,
9999,Ananya,,,
9999,Ananya,,,
9999,Ananya,,,
9999,Ananya,,,
9999,Ananya,,,
9999,Ananya,,,
9999,Ananya,,,
9999,Ananya,,,
9999,Ananya,,,
9999,Ananya,,,
9999,Ananya,,,
9999,Ananya,,,
9999,Ananya,,,
9999,Ananya,,,
9999,Ananya,,,
9999,Ananya,,,
9999,Ananya,,,
9999,Ananya,,,
9999,Ananya,,,
9999,Ananya,,,
